{
    "asignaturas": [
        {
            "id": 1,
            "descripcion": "fisica",
            "nivel": "Segundo",
            "fecha_creacion": "2024-09-08",
            "active": false
        },
        {
            "id": 2,
            "descripcion": "matematicas",
            "nivel": "S\u00e9ptimo",
            "fecha_creacion": "2024-09-08",
            "active": true
        }
    ],
    "levels": [
        {
            "id": "1",
            "nivel": "Primer Semestre",
            "fecha_creacion": "2024-09-08",
            "active": "Activo"
        },
        {
            "id": "2",
            "nivel": "Segundo Semestre",
            "fecha_creacion": "2024-09-08",
            "active": "Activo"
        },
        {
            "id": "3",
            "nivel": "Tercer Semestre",
            "fecha_creacion": "2024-09-08",
            "active": "Activo"
        },
        {
            "id": "4",
            "nivel": "Cuarto Semestre",
            "fecha_creacion": "2024-09-08",
            "active": "Activo"
        },
        {
            "id": "5",
            "nivel": "Quinto Semestre",
            "fecha_creacion": "2024-09-08",
            "active": "Activo"
        },
        {
            "id": "6",
            "nivel": "Sexto Semestre",
            "fecha_creacion": "2024-09-08",
            "active": "Activo"
        },
        {
            "id": "7",
            "nivel": "S\u00e9ptimo Semestre",
            "fecha_creacion": "2024-09-08",
            "active": "Activo"
        },
        {
            "id": "8",
            "nivel": "Octavo Semestre",
            "fecha_creacion": "2024-09-08",
            "active": "Activo"
        }
    ],
    "periodos": [
        {
            "id": "1",
            "inicio_semestre": "2024-04-01",
            "fin_semestre": "2024-07-31",
            "fecha_creacion": "2024-09-08",
            "active": true
        },
        {
            "id": "2",
            "inicio_semestre": "2024-08-01",
            "fin_semestre": "2024-12-31",
            "fecha_creacion": "2024-09-08",
            "active": true
        }
    ],
    "students": [
        {
            "id": "2400180077",
            "nombre": "IVAN",
            "apellido": "suarez",
            "fecha_registro": "2024-09-07 Hora: 23:54:13",
            "estado": true
        },
        {
            "id": "1234567890",
            "nombre": "joan",
            "apellido": "lucifer",
            "fecha_registro": "2024-09-08 Hora: 21:16:39",
            "estado": true
        }
    ],
    "teachers": [
        {
            "Id": "1234567891",
            "Nombre": "joan",
            "Apellido": "lucifer",
            "Edad": 24,
            "Estado": "activo"
        },
        {
            "Id": "7412589630",
            "Nombre": "yo",
            "Apellido": "quien",
            "Edad": 50,
            "Estado": "activo"
        }
    ]
}