[
    {
        "id": "1",
        "nivel": "Primer Semestre",
        "fecha_creacion": "2024-09-08",
        "active": "Activo"
    },
    {
        "id": "2",
        "nivel": "Segundo Semestre",
        "fecha_creacion": "2024-09-08",
        "active": "Activo"
    },
    {
        "id": "3",
        "nivel": "Tercer Semestre",
        "fecha_creacion": "2024-09-08",
        "active": "Activo"
    },
    {
        "id": "4",
        "nivel": "Cuarto Semestre",
        "fecha_creacion": "2024-09-08",
        "active": "Activo"
    },
    {
        "id": "5",
        "nivel": "Quinto Semestre",
        "fecha_creacion": "2024-09-08",
        "active": "Activo"
    },
    {
        "id": "6",
        "nivel": "Sexto Semestre",
        "fecha_creacion": "2024-09-08",
        "active": "Activo"
    },
    {
        "id": "7",
        "nivel": "Séptimo Semestre",
        "fecha_creacion": "2024-09-08",
        "active": "Activo"
    },
    {
        "id": "8",
        "nivel": "Octavo Semestre",
        "fecha_creacion": "2024-09-08",
        "active": "Activo"
    },
    {
        "id": "9",
        "nivel": "Primer Semestre",
        "fecha_creacion": "2024-09-11",
        "active": "Activo"
    }
]