[
    {
        "id": 1,
        "periodo": "Primer",
        "profesor": "profesor_example",
        "asignatura": "asignatura_example",
        "detalleNota": [],
        "fecha_creacion": "2024-09-11",
        "active": true,
        "nota_final": 50.0
    },
    {
        "id": 2,
        "periodo": "Primer",
        "profesor": "profesor_example",
        "asignatura": "asignatura_example",
        "detalleNota": [],
        "fecha_creacion": "2024-09-11",
        "active": true,
        "nota_final": 74.0
    },
    {
        "id": 3,
        "periodo": "Primer",
        "profesor": "profesor_example",
        "asignatura": "asignatura_example",
        "detalleNota": [],
        "fecha_creacion": "2024-09-11",
        "active": true,
        "nota_final": 72.0
    },
    {
        "id": 4,
        "periodo": "Primer",
        "profesor": "profesor_example",
        "asignatura": "asignatura_example",
        "detalleNota": [],
        "fecha_creacion": "2024-09-11",
        "active": true,
        "nota_final": 43.5
    }
]