[
    {
        "Id": "1234567891",
        "Nombre": "joan",
        "Apellido": "lucifer",
        "Edad": 24,
        "Estado": "activo"
    },
    {
        "Id": "7412589630",
        "Nombre": "henry",
        "Apellido": "quien",
        "Edad": 50,
        "Estado": "activo"
    },
    {
        "Id": "6412589630",
        "Nombre": "aristides",
        "Apellido": "calvo",
        "Edad": 80,
        "Estado": "activo"
    },
    {
        "Id": "8412589630",
        "Nombre": "lui",
        "Apellido": "guevara",
        "Edad": 17,
        "Estado": "activo"
    },
    {
        "Id": "9412589630",
        "Nombre": "allan",
        "Apellido": "zambrano",
        "Edad": 50,
        "Estado": "activo"
    },
    {
        "Id": "7894561230",
        "Nombre": "Chapatin",
        "Apellido": "Chiflado",
        "Edad": 45,
        "Estado": "activo"
    }
]